# Samples,  Aspect Ratio,  Area,  Rect Area, Extent,  Solidity,  H0,  H1, H2, H3, H4, Mode, Ball
0.00000,0.00000,0.00000,0.00000,0.00000,0.00000,0.00000,0.00000,0.00000,0.00000,0.00000,0.00000,0.00000
